{"cameraMode":{"drawMode":0,"name":"Shaded","section":"Shading Mode"},"sceneLighting":true,"audioPlay":false,"sceneViewState":{"showFog":true,"showMaterialUpdate":false,"showSkybox":true,"showFlares":true,"showImageEffects":true,"showParticleSystems":true},"in2DMode":false,"pivot":{"x":8.865718841552735,"y":4.234259605407715,"z":-2.5203075408935549},"rotation":{"x":-0.3257966637611389,"y":0.3348923325538635,"z":-0.1246480643749237,"w":-0.875309407711029},"size":13.300506591796875,"orthographic":false}